Name,X,Y,Angle,Value,Package
ANT1,19.66,2.49,0.00,2450AT18B100E,2450AT18B100E_ANTC3216X140N
C1-EP-DR,-9.92,1.30,180.00,10uF,NORDIC_NRF_3_RESC0402_L
C10,15.83,6.48,180.00,N.C.,NORDIC_NRF_3_RESC0201_L
C11,14.73,4.57,90.00,100pF,NORDIC_NRF_3_RESC0201_L
C12,11.88,6.28,180.00,100nF,NORDIC_NRF_3_RESC0201_L
C13,11.82,5.52,180.00,N.C.,NORDIC_NRF_3_RESC0201_L
C14,11.60,7.17,180.00,4.7uF,PERFECT_0402_0402
C15,15.59,5.58,180.00,1uF,NORDIC_NRF_3_RESC0402_L
C16,9.21,6.29,90.00,47nF,PERFECT_0402_0402
C17,2.70,4.22,90.00,12pF,NORDIC_NRF_3_RESC0201_L
C18,2.72,2.23,270.00,12pF,NORDIC_NRF_3_RESC0201_L
C19,-1.42,-0.50,90.00,100nF,NORDIC_NRF_3_RESC0201_L
C2-EP-DR,-17.23,-10.47,270.00,4.7uF/25V,NORDIC_NRF_3_RESC0402_L
C20,5.58,-1.05,180.00,4.7uF,PERFECT_0402_0402
C21,6.73,-3.84,270.00,4.7uF,PERFECT_0402_0402
C22,16.80,3.00,90.00,N.C.,NORDIC_NRF_3_RESC0201_L
C23,-1.87,-9.07,270.00,0.1uF,NORDIC_NRF_3_RESC0201_L
C24,-2.73,-8.80,270.00,10uF,NORDIC_NRF_3_RESC0402_N
C25,-9.51,-9.72,180.00,22uF,NORDIC_NRF_3_RESC0402_N
C27,-6.94,-3.29,0.00,0.1uF,NORDIC_NRF_3_RESC0201_L
C29,7.96,-16.41,90.00,1uF,NORDIC_NRF_3_RESC0402_L
C3,14.65,3.00,270.00,1pF,NORDIC_NRF_3_RESC0201_L
C30,-14.65,-15.66,0.00,1uF,NORDIC_NRF_3_RESC0402_L
C31,-2.94,-14.22,90.00,1uF,NORDIC_NRF_3_RESC0402_L
C32,-8.66,2.68,270.00,1uF,NORDIC_NRF_3_RESC0402_L
C33,-9.51,-8.72,180.00,22uF,NORDIC_NRF_3_RESC0402_N
C34,7.11,-16.07,90.00,0.1uF,NORDIC_NRF_3_RESC0201_L
C37,-7.48,-4.16,0.00,1uF,NORDIC_NRF_3_RESC0402_N
C38,5.67,-3.89,90.00,1uF,NORDIC_NRF_3_RESC0402_N
C39,-3.81,-8.81,90.00,10uF,PERFECT_0402_0402
C4,16.07,3.00,90.00,1pF,NORDIC_NRF_3_RESC0201_L
C42,2.66,8.76,90.00,0.1uF,GRM011R60J152KE01L_1_0201
C43,3.18,9.73,0.00,4.7uF,NORDIC_NRF_3_RESC0603_N
C5,6.88,4.17,90.00,100nF,NORDIC_NRF_3_RESC0201_L
C6,11.60,8.22,180.00,4.7uF,PERFECT_0402_0402
C7,11.43,9.32,90.00,100nF,NORDIC_NRF_3_RESC0201_L
C8,12.13,9.32,90.00,100nF,NORDIC_NRF_3_RESC0201_L
C9,14.70,0.72,270.00,820pF,NORDIC_NRF_3_RESC0201_L
D2,-20.25,-11.61,180.00,MBR0530,ESP32_C6_LIBRARY_5_SOD3716X135N
D3,-0.42,7.49,270.00,USBLC6-2SC6Y,ESP32_C6_LIBRARY_3_SOT95P280X145-6N
D4,-18.98,-13.89,0.00,MBR0530,ESP32_C6_LIBRARY_5_SOD3716X135N
D5,-19.73,-8.34,0.00,MBR0530,ESP32_C6_LIBRARY_5_SOD3716X135N
DMG2305UX-7,-5.88,-15.26,0.00,20V/4.2A/52mΩ/1.4W,ESP32_C6_LIBRARY_4_ESP32_C6_LIBRARY_4_ESP32_C6_LIBRARY_4_ESP32_C6_LIBRARY_4_ESP32_WROVER_SPARKFUN-DISCRETESEMI_SOT23-3
EPD_C1,-10.03,3.52,180.00,1uF/50V,NORDIC_NRF_3_RESC0402_L
EPD_C10,-10.07,-4.75,180.00,1uF/50V,NORDIC_NRF_3_RESC0402_L
EPD_C11,-10.08,-5.93,180.00,1uF/50V,NORDIC_NRF_3_RESC0402_L
EPD_C12,-10.08,-7.10,180.00,1uF/50V,NORDIC_NRF_3_RESC0402_L
EPD_C2,-10.03,4.44,180.00,1uF/50V,NORDIC_NRF_3_RESC0402_L
EPD_C5,-10.06,2.12,180.00,0.1uF/50V,NORDIC_NRF_3_RESC0201_L
EPD_C6,-9.88,0.09,180.00,1uF/50V,NORDIC_NRF_3_RESC0402_L
EPD_C7,-9.88,-1.14,180.00,1uF/50V,NORDIC_NRF_3_RESC0402_L
EPD_C8,-9.93,-2.35,180.00,1uF/50V,NORDIC_NRF_3_RESC0402_L
EPD_C9,-10.08,-3.58,180.00,1uF/50V,NORDIC_NRF_3_RESC0402_L
IC1,-6.55,-5.72,270.00,BQ25180YBGR,BQ25180YBGR_BGA8C40P2X4_100X155X50
IC2,-6.00,-9.82,270.00,RT6160AWSC,RT6160AWSC_BGA15C40P3X5_140X230X60
IC3,0.03,0.00,90.00,BMA423,BMA423_BMA423
IC4,-7.07,2.19,90.00,DRV2605YZFR,DRV2605YZFR_BGA9C50P3X3_144X144X62
J1,-13.73,0.02,270.00,503480-2400,503480-2400_5034802400
J2,18.69,-7.14,90.00,TC2030-IDC,TC2030-IDC_TC2030IDC
J4,-0.06,13.77,180.00,KH-TYPE-C-16P,KH-TYPE-C-16P_KINGHELM_KH-TYPE-C-16P
L1,15.36,3.00,270.00,3.9nH,NORDIC_NRF_2_RESC0201_L
L2,7.58,5.81,90.00,10uH,NORDIC_NRF_2_RESC0201_L
L3,8.32,5.81,270.00,15nH,NORDIC_NRF_2_RESC0201_L
L5,-13.86,-9.94,0.00,68uH,ESP32_C6_LIBRARY_2_IND_4828-WE-TPC_WRE
L7,-6.02,-12.10,180.00,FTC252012SR47MBCA,MLP2016SR47MT0S1_INDC2016X100N
Q1,-9.64,8.27,90.00,SI1308EDL-T1-GE3,ESP32_C6_LIBRARY_6_SOT65P210X110-3N
R1,0.83,-1.54,180.00,0,CPF0201D7K68C1_0201
R17,-1.14,-1.37,90.00,3K3,CPF0201D7K68C1_0201
R18,1.39,-0.01,0.00,3K3,CPF0201D7K68C1_0201
R1_EP_DR,-9.90,5.68,270.00,0.47,CPF0201D7K68C1_0201
R1_USB,1.16,10.11,180.00,5K1,CPF0201D7K68C1_0201
R2,-6.95,-8.41,0.00,0,CPF0201D7K68C1_0201
R2_EP_DR,-10.54,6.22,90.00,10K,CPF0201D7K68C1_0201
R2_USB,-1.83,10.19,0.00,5K1,CPF0201D7K68C1_0201
R4,-6.42,-8.41,0.00,0,CPF0201D7K68C1_0201
R5,-14.41,-14.99,270.00,10K,CPF0201D7K68C1_0201
R7,7.69,-15.15,270.00,10K,CPF0201D7K68C1_0201
R8,-3.21,-13.05,270.00,10K,CPF0201D7K68C1_0201
R9,-8.09,-5.74,180.00,10K,CPF0201D7K68C1_0201
R_PWR_EPD,-5.82,-16.24,180.00,10K,CPF0201D7K68C1_0201
R_TYPE_SEL,-8.98,5.85,180.00,2.2,CPF0201D7K68C1_0201
SJ1,-7.15,8.32,270.00,0,ESP32_C6_LIBRARY_7_JUMPER_SJ
SW_DN,10.94,-14.07,180.00,2025-10-22_07-23-44_LIBRARY_EVP-AKE31ASW_EVP-AKE31A_PAN,2025-10-22_07-23-44_LIBRARY_SW_EVP-AKE31A_PAN
SW_ENT,-0.06,-14.07,180.00,2025-10-22_07-23-44_LIBRARY_EVP-AKE31ASW_EVP-AKE31A_PAN,2025-10-22_07-23-44_LIBRARY_SW_EVP-AKE31A_PAN
SW_UP,-11.06,-14.07,180.00,2025-10-22_07-23-44_LIBRARY_EVP-AKE31ASW_EVP-AKE31A_PAN,2025-10-22_07-23-44_LIBRARY_SW_EVP-AKE31A_PAN
TP_3.3V,14.86,-13.80,0.00,HECTOR_WATCH_1_TPTP20R,HECTOR_WATCH_1_TP20R
TP_3V3,17.52,-13.79,0.00,HECTOR_WATCH_1_TPTP20R,HECTOR_WATCH_1_TP20R
TP_BAT_GND,3.69,-15.78,90.00,HECTOR_WATCH_1_TPTP20R,HECTOR_WATCH_1_TP20R
TP_GND,5.31,-12.40,0.00,HECTOR_WATCH_1_TPTP20R,HECTOR_WATCH_1_TP20R
TP_RESET,11.65,-4.48,0.00,HECTOR_WATCH_1_TPTP20R,HECTOR_WATCH_1_TP20R
TP_SCL,-3.44,2.63,0.00,HECTOR_WATCH_1_TPTP20R,HECTOR_WATCH_1_TP20R
TP_SDA,1.27,-3.40,0.00,HECTOR_WATCH_1_TPTP20R,HECTOR_WATCH_1_TP20R
TP_SWDCLK,13.51,-9.39,0.00,HECTOR_WATCH_1_TPTP20R,HECTOR_WATCH_1_TP20R
TP_SWDIO,13.19,-6.68,0.00,HECTOR_WATCH_1_TPTP20R,HECTOR_WATCH_1_TP20R
TP_SWO,9.56,-6.30,0.00,HECTOR_WATCH_1_TPTP20R,HECTOR_WATCH_1_TP20R
TP_VBAT,2.60,-11.46,180.00,HECTOR_WATCH_1_TPTP20R,HECTOR_WATCH_1_TP20R
TP_VREG,-0.26,-11.33,0.00,HECTOR_WATCH_1_TPTP20R,HECTOR_WATCH_1_TP20R
U1,10.79,1.56,0.00,NRF52840_QF,NORDIC_NRF_4_AQFN50P700X700X85_HS-74N
U3,-6.42,-1.17,90.00,MAX17048G+T10,ESP32_C6_LIBRARY_SON50P200X200X80-9N
X1,14.89,8.95,90.00,32MHz,NORDIC_NRF_BT-XTAL_2016_N
X2,4.29,3.22,270.00,32.768kHz,NORDIC_NRF_1_XTAL_3215_N
XC1,16.57,8.00,270.00,12pF,NORDIC_NRF_3_RESC0201_L
XC2,14.55,10.82,0.00,12pF,NORDIC_NRF_3_RESC0201_L
